id,name,main_artist,key,mode,time_signature,duration_ms_x,danceability,loudness,energy,instrumentalness,liveness,valence,speechiness,tempo,popularity,last_fm_playcount,last_fm_listeners
0HWqu8kIr5iitYHd62RkJH,Jwabi,Didine Canon 16,10,1,4,262000,0.729,-10.621,0.558,3.91e-06,0.274,0.579,0.119,99.982,57,655,146
06eEMrvlkBmLLaezDSDcEl,A Vava Inouva,Idir,4,0,4,266760,0.716,-19.576,0.21,0.0123,0.0837,0.432,0.0395,111.908,50,48993,11941
4Qk4c7KVRPxESJq5YWJ2qi,Zen9aoui,Didine Canon 16,4,0,4,206400,0.649,-7.172,0.69,0.0,0.151,0.5,0.112,100.018,46,0,0
5xhz6CQejKPhHPZc5Qtw2l,Yumi,Didine Canon 16,9,0,4,210000,0.771,-9.245,0.72,0.0,0.12,0.9,0.0969,157.027,45,103,23
5xxOFmeIWIYHDYvhGwsVEV,Madi,Didine Canon 16,7,0,4,258000,0.758,-13.578,0.506,0.0,0.107,0.574,0.102,103.991,43,26,10
2TbZa9VbUYfzaEd2Rz2puA,Fast Life,Didine Canon 16,11,0,4,212000,0.804,-10.145,0.511,6.57e-05,0.137,0.717,0.309,153.888,42,75,14
62XbDU9C904nhFkcjFXnEQ,Valhalla,Didine Canon 16,4,0,4,236288,0.607,-6.269,0.688,0.0,0.483,0.435,0.103,97.018,42,119,31
7i5p4uc8llwquMLS2dt1I1,2X4,Didine Canon 16,6,1,4,156000,0.894,-10.721,0.378,0.0,0.139,0.45,0.435,99.983,41,37,4
3psIwGjjnAVROqTxWJtwq7,"Akhtini, Vol. 2",Didine Canon 16,2,0,4,219374,0.87,-6.834,0.851,0.000296,0.0624,0.808,0.15,128.069,40,18,11
0DJbRxXvGgwHwQekxq8S1h,Ktab Laghram,Didine Canon 16,4,0,3,213750,0.506,-8.895,0.637,0.0,0.0731,0.494,0.134,83.511,39,59,31
2gd2frSoa6nYPaCdwIyM1K,Chitana,Didine Canon 16,6,1,4,190000,0.755,-11.126,0.766,0.0,0.0805,0.799,0.257,96.851,39,18,10
77vIER4KhZTRIUXRvHZDFX,Adrar inu - Ma montagne,Idir,7,1,3,150706,0.584,-10.9,0.496,0.00745,0.173,0.77,0.0283,151.566,39,4241,1395
1xaJjWWK77tSq60RaC56Jt,Babour Ellouh,Didine Canon 16,2,1,4,198750,0.659,-7.68,0.657,0.0,0.0941,0.203,0.046,160.024,39,53,22
7mC3Ip98Pr2qG8nbhyKQnb,Selfie Noir,Didine Canon 16,3,0,4,208000,0.821,-10.99,0.896,9.01e-06,0.109,0.632,0.0758,117.009,38,58,15
5ICcYDl09ycw4cTRpQDIFn,Koun Tameni,Didine Canon 16,5,0,4,196000,0.808,-10.878,0.489,0.0,0.0883,0.542,0.0951,128.988,38,14,6
2dnfmMMcTNgvzrX1EPd2yz,Ssendu (Voie Lactée),Idir,4,1,4,190733,0.536,-18.531,0.241,0.632,0.108,0.461,0.0297,104.992,38,5501,1721
1Vck33iJiUs7ccjGuRSRj9,Derti Rayek,Didine Canon 16,9,0,3,252666,0.472,-9.311,0.472,0.000153,0.115,0.471,0.101,134.11,38,0,0
33OwZ0XpEwN7jdVOki8x5F,Mekirida,Didine Canon 16,11,0,4,192000,0.738,-12.259,0.523,0.0,0.117,0.681,0.176,105.04,36,24,12
0N5OtDSRCjfdc5kHjtgl4S,Gambino,Didine Canon 16,9,0,4,158961,0.527,-8.082,0.553,0.0,0.0902,0.253,0.309,153.606,36,20,4
5PCgmuhUZjjjkdHkHgIxQM,Wesh Lala,Didine Canon 16,7,1,4,190000,0.798,-12.901,0.493,1.43e-06,0.142,0.623,0.241,114.012,35,18,11
1868ShjAyYJgn1PipcJbRv,Betkalam Maaki,Didine Canon 16,2,0,4,198000,0.77,-13.634,0.46,0.0,0.196,0.542,0.184,118.953,35,30,7
4srsF0mnDvQpE8gEbrnbHE,My Son,Didine Canon 16,8,1,4,177551,0.904,-11.07,0.531,0.0,0.0575,0.557,0.396,122.036,34,78,5
3JWjpPAS6GW0Xg4cw41OXR,Dark Night,Didine Canon 16,10,0,4,140751,0.81,-9.584,0.579,0.0,0.109,0.445,0.104,132.957,34,0,0
72AQCL4NYlFXD64divfJSk,Jeunes De Cité,Didine Canon 16,6,0,4,214000,0.685,-13.041,0.587,4.32e-06,0.0612,0.715,0.129,172.028,33,34,10
61k8M3aBMQkZ9jRgOrRqte,Fais Ta Vie,Didine Canon 16,8,0,4,224000,0.675,-9.987,0.564,8.72e-06,0.157,0.741,0.233,179.952,33,22,13
5j3ZDQBzgnWiIPV6OlLuz5,El Wasfa,Didine Canon 16,6,1,4,212307,0.844,-10.307,0.542,4.26e-06,0.0975,0.461,0.0527,129.969,33,0,0
7iU5FpSKjoQAB5EKtvU4UT,Pourquoi cette pluie?,Idir,2,0,4,202000,0.353,-13.686,0.261,0.0,0.126,0.462,0.0316,96.084,33,1020,330
0vcnijpAVRaJImqrVFWOfb,Zwit rwit,Idir,10,1,4,217346,0.723,-16.621,0.451,0.000372,0.109,0.802,0.0346,127.029,33,20297,7891
1pg1FFCDl0wiDM0FBV6EZM,La corrida (with Francis Cabrel),Idir,5,1,4,333200,0.569,-9.791,0.542,6.13e-06,0.137,0.537,0.036,98.987,32,1343,456
13qlPANaFALTIyiwZAtWRs,Déconnecté,Didine Canon 16,2,0,3,116000,0.652,-9.177,0.581,0.0,0.101,0.585,0.301,97.387,32,70,21
1RAsVBpsdrKhRz8I2XkTLm,Ya rayeh,Kamel Messaoudi,2,1,4,184826,0.656,-2.521,0.819,0.0,0.408,0.85,0.0382,102.714,31,0,0
2sEcD8i6DFjBOhwORC1YjL,Lwarda Litima,Didine Canon 16,7,0,4,208000,0.772,-10.381,0.612,0.0,0.22,0.58,0.053,105.014,31,18,13
3tmUd1qpI5Ji1rs3dlGRir,Tizi ouzou - Live,Idir,4,0,4,291000,0.626,-9.019,0.805,0.455,0.949,0.578,0.0307,114.005,31,790,272
3Yk2dhk2hbKLkhYNNKysdm,One Day,Didine Canon 16,8,1,4,170861,0.707,-13.991,0.416,5.59e-06,0.0985,0.658,0.244,179.938,31,3,2
2JHc9n4Ql39DTganAlmcOj,Fais ta vie,Didine Canon 16,8,0,4,224000,0.673,-6.849,0.663,1.04e-05,0.161,0.722,0.208,179.924,30,22,13
4GxY9Vitn1ABdiCRVVHAkT,Cfiy,Idir,4,0,4,203680,0.535,-17.77,0.224,0.0862,0.171,0.256,0.0349,97.041,30,3918,1133
6yKBC3WDIOvXaNglDEFzbu,Black Magic,Didine Canon 16,2,1,4,198000,0.735,-8.072,0.887,2.4e-06,0.115,0.844,0.0653,112.996,30,65,11
7IXvybyiI1uX5CAGdzTDsc,Machafouhach Vs Fi Hwak - Master T Remix,Didine Canon 16,3,0,4,306285,0.756,-9.802,0.62,0.00396,0.055,0.634,0.0465,104.996,30,0,0
5jp70xqoBq2tiUxD3dgdLj,Tout ce temps (feat. Zaho),Idir,0,0,3,162906,0.539,-9.182,0.355,0.0,0.0987,0.57,0.0271,146.828,29,500,148
4koVlliB3Rqq87kmJEhJzo,Lettre à ma fille,Idir,7,1,3,201760,0.447,-17.005,0.252,0.00421,0.146,0.34,0.0951,87.766,29,2135,900
3E3GwJBNXDTP5B3yQFqQx3,Isefra,Idir,9,1,4,239333,0.476,-18.431,0.324,0.0808,0.13,0.569,0.0346,120.039,29,6799,2579
0IccNUATWgm5IIzvzFbGT7,La bohème (with Charles Aznavour),Idir,7,0,3,309493,0.571,-11.257,0.448,3.47e-05,0.146,0.582,0.0381,126.013,28,563,232
25d3J3Q6yBpDAs3Y7uC7da,Targit - Faisons un rêve / Scarborough Fair,Idir,1,0,3,252000,0.59,-11.158,0.334,0.0141,0.0897,0.628,0.0284,139.498,28,808,278
657UWACcIZDJgH2RfxS6lw,Muqley,Idir,0,0,4,203400,0.56,-17.131,0.258,0.158,0.118,0.747,0.0368,119.989,27,2285,887
2LftIi0sotiUVeMreZ28Pb,3:33,Didine Canon 16,11,0,4,183476,0.862,-8.335,0.667,0.000567,0.059,0.645,0.198,127.967,27,3,3
1kbgCdRRwDyzqeXY9eOQti,Mliyi - Live,Idir,2,1,4,507026,0.528,-11.414,0.47,9.15e-05,0.216,0.555,0.336,127.893,26,351,86
1oyAoj6SoSuribGdA3kDH6,Ch'hilet laayani,Kamel Messaoudi,2,0,4,471920,0.48,-5.632,0.756,0.187,0.0942,0.699,0.0421,107.891,25,227,55
605kC8iMAxzc1xI8uU84Ql,Ya Babba (feat. Wallen),Idir,6,0,4,229013,0.641,-7.991,0.56,0.029,0.0898,0.283,0.0286,115.007,24,172,75
3E01Kstf64LfAyAFkLnUOX,Anda yella (La longue attente),Idir,2,0,4,307200,0.627,-13.01,0.42,0.308,0.102,0.645,0.0332,103.034,24,1152,254
6qZp0DmrNKgHrH5XOzLMRq,Sir anaker lehssane,Kamel Messaoudi,2,1,3,308098,0.388,-5.548,0.694,0.000238,0.185,0.721,0.0351,75.698,24,0,0
5HD2pVWlmUAeI4NG5oqTlX,Avancer (with Grand Corps Malade),Idir,10,1,4,235440,0.645,-10.036,0.657,0.000135,0.38,0.854,0.0564,91.045,24,330,161
1swIzAcBswSgU4YPTrsXwC,Ya ghorbati fi blade ennass,Kamel Messaoudi,4,0,4,453306,0.475,-8.999,0.537,0.702,0.263,0.629,0.0471,119.319,24,169,57
1X0EuYwk9yqZZ03I2VHzxp,Ayrib,Idir,2,0,4,198666,0.589,-17.629,0.394,0.0066,0.247,0.843,0.0348,120.661,23,1585,486
4HuuXGfZXGWjFWrOZwTGLu,Afous (feat. Taoues & Kore),Idir,11,0,4,173360,0.725,-6.997,0.851,0.00126,0.691,0.807,0.0569,129.999,23,161,77
0h6OsuG5zQtOUq3XmJALnc,Ageggig (La fleur),Idir,4,0,4,278333,0.56,-11.821,0.387,0.00433,0.126,0.47,0.0311,112.01,23,603,226
4FdK43pFPx9PpszVWGW9tc,Sous le ciel de Marseille (feat. Kenza Farah),Idir,1,1,4,220293,0.578,-5.618,0.745,0.0,0.587,0.665,0.0408,101.988,22,246,99
1VPjvWbiemt2Hg8jJKGVtx,La France des couleurs,Idir,10,1,4,202280,0.877,-5.962,0.852,0.187,0.503,0.941,0.109,122.982,22,2787,926
5zmK1iiVqTntywJfE6t6jb,Sans ma fille - Tbeddel axxam,Idir,6,1,3,220453,0.552,-18.275,0.168,0.0222,0.169,0.368,0.0332,130.189,22,439,213
4UxU7HUBXp5a6GgX8LIKs2,Tuyac n wanzul - Musiques du Sud,Idir,2,0,4,259133,0.755,-9.396,0.804,0.216,0.113,0.933,0.0382,97.974,22,445,214
2eBQCuWMvxBUp4zttfhW88,Les larmes de leurs pères (with Patrick Bruel),Idir,6,1,3,325280,0.585,-13.674,0.372,0.00237,0.104,0.585,0.0398,139.348,22,236,119
0mkaP5VClsBGscnGHmhmAL,Lefhama - Coke Studio Algérie,Idir,9,0,3,267133,0.417,-4.026,0.906,1.48e-06,0.346,0.651,0.0591,97.538,22,134,62
6gXitZpI8GTRJQMK7d46aA,Ya rabbi ya sattar,Kamel Messaoudi,5,1,4,304533,0.704,-13.77,0.381,1.07e-05,0.303,0.781,0.0551,102.959,22,0,0
3PVkwiBDHvsHLYuyKRbP8h,Awah Awah,Idir,1,1,4,206026,0.673,-16.923,0.604,8.15e-05,0.118,0.395,0.109,155.925,22,2204,912
7iXFIfUs0YdszEr8wy1xiP,Tagrawla,Idir,2,0,4,167626,0.56,-19.846,0.303,0.000172,0.16,0.635,0.0312,87.057,22,4588,1880
0AkoRCr6QTVTPaf3yKQGlv,L'hymne de nos campagnes (with Tryo),Idir,2,1,4,184613,0.577,-8.141,0.74,0.0,0.412,0.748,0.277,176.022,21,502,232
3NYSwV8N3nNkQb1upQo7f4,D'où je viens,Idir,2,0,4,247160,0.737,-5.166,0.922,0.0,0.18,0.846,0.0944,103.024,21,419,191
3dbAfpF7NjXjWexrxxqu2Z,Yelha Wurar (Air de la fête),Idir,10,0,4,236506,0.604,-7.878,0.741,0.00169,0.854,0.77,0.0429,148.039,21,667,292
3d2mSoapcRpUiGA2Tw6yde,Rah el ghali rah,Kamel Messaoudi,2,0,4,477447,0.406,-4.72,0.662,0.000832,0.123,0.418,0.0372,147.357,21,156,46
2OCZLSLw3yJD3E0kjQO2tb,Tiyri bw gaud,Idir,0,1,3,175533,0.608,-17.862,0.421,0.00975,0.106,0.921,0.0723,196.046,21,2264,835
7iq7ZznzVlrTQasaYK19VC,Azger,Idir,0,1,4,145466,0.474,-16.559,0.298,0.0263,0.113,0.619,0.0352,88.854,21,3632,1479
3n0rpDP1ITAOqtbtPz1fPL,Rahou mqadar,Kamel Messaoudi,11,0,4,338306,0.437,-4.962,0.686,3.36e-05,0.183,0.822,0.0295,140.203,21,15,8
42sRt7r6qFx9FxiNsdf8D0,"Snitraw (Ma guitare), Vers. 1",Idir,4,0,4,197666,0.729,-11.796,0.595,0.00996,0.157,0.929,0.0487,108.103,20,161,47
3IwiEe0x03oi4oLwmCsBVj,Les matins d'hiver (with Gérard Lenorman),Idir,2,1,4,223253,0.613,-10.998,0.53,3.88e-05,0.11,0.359,0.048,132.038,20,135,78
2Ek4FHHUGTgj05YBTvtlCf,On The Road Again (with Bernard Lavilliers) - Version kabyle,Idir,11,0,4,190573,0.726,-11.333,0.464,0.0158,0.134,0.699,0.0415,120.045,20,149,76
3glktnvNRPq9awMTfPubZw,Ay Alxir Inu (Tendresse),Idir,7,1,4,205640,0.452,-13.85,0.327,0.00324,0.258,0.152,0.0332,117.117,20,547,245
1FHN8jr53K4OJr4c7VjDyJ,Habit el youm,Kamel Messaoudi,11,0,3,345386,0.374,-4.863,0.83,0.000595,0.258,0.709,0.0323,153.378,20,33,17
1k7cEVXagUZ59x454A4vso,Ccac l-lwiz - Joli foulard,Idir,5,1,3,178120,0.653,-9.849,0.502,0.0112,0.22,0.939,0.0347,116.005,20,310,160
272WM6GuYjol9BJk0m01nV,Tamacahut - Live,Idir,4,0,4,288826,0.537,-6.495,0.947,0.000485,0.379,0.648,0.0951,135.993,20,230,61
64J6Jw7Y2VjiP6DDzFAsi3,Ssiy tafat - Plaisir d'amour,Idir,4,1,3,206186,0.568,-11.015,0.414,0.00121,0.105,0.656,0.0276,131.967,20,319,156
4MJv78usbdsX7dx03mIPcl,Ce coeur venu d'ailleurs (feat. Noa),Idir,0,0,4,223080,0.551,-10.679,0.337,1.96e-06,0.254,0.32,0.0321,119.857,20,291,107
5Pb0LLbhC2Dr3z6KLqU5Mi,Abehri tmeddit (Le vent du soir) - Live,Idir,6,0,4,818493,0.396,-13.251,0.317,1.17e-06,0.24,0.39,0.0429,89.578,20,171,68
1t9sgQfDgdXfT0IiHRAfuH,Cteduyi,Idir,5,1,4,253240,0.629,-16.732,0.521,0.69,0.152,0.758,0.033,124.037,20,3362,1263
4TKHUV64OM18bzQSfldkhn,Né quelque part (with Maxime Le Forestier) - Version kabyle,Idir,11,0,4,234666,0.606,-9.309,0.638,0.000141,0.117,0.876,0.0594,150.032,19,311,128
3L6GfBVrWbcjyeVC69K7q2,Mliyi,Idir,9,0,4,285333,0.593,-9.476,0.816,0.395,0.276,0.936,0.0705,121.585,19,299,53
7874g33VyPFjRNximkujJB,L'mut,Idir,4,0,4,290866,0.228,-24.023,0.198,0.00164,0.376,0.35,0.0653,176.097,19,2733,1053
2ZIoZRXEcAzfpDzrqsiMI5,Tefkira,Kamel Messaoudi,7,1,3,626160,0.451,-9.398,0.468,5.68e-06,0.135,0.656,0.0342,137.613,19,0,0
78XD5zKMqViqEKr3923x0y,Mimmi (Mon petit),Idir,5,1,4,258360,0.621,-13.727,0.393,0.00067,0.0899,0.528,0.0419,111.988,19,565,231
1R2eWionnhplZ66VsPOnk9,Ay arrac nney,Idir,2,1,3,199733,0.511,-19.228,0.195,0.188,0.107,0.775,0.0419,145.965,19,2199,737
0uukqErxzSlxja5NDTY7zt,Trompettes...,Idir,9,0,4,182880,0.745,-6.571,0.702,0.00232,0.0637,0.961,0.0314,120.046,18,1265,514
4EiHUzwJaRJAsMsKHWqPj5,Acawi,Idir,5,1,4,202680,0.675,-16.69,0.401,0.0551,0.104,0.738,0.0424,81.965,18,3030,1280
41lmbpvUidwORohp6bhcE3,A vava inouva - Live,Idir,4,0,4,209466,0.494,-14.987,0.332,0.000658,0.812,0.482,0.0502,112.078,18,272,51
13e2mAsttoxywhA7KcgSrl,Ah ya moulay,Kamel Messaoudi,11,0,3,130120,0.362,-3.978,0.855,0.000116,0.285,0.646,0.0428,114.509,18,67,35
77kB7YuVJGqQAHVkaiDD4b,La corrida - Takurida,Idir,5,1,4,349520,0.54,-9.871,0.534,2.39e-06,0.101,0.515,0.0361,98.956,17,139,86
1WLSGEgrS56S8iE6MhCW6q,Rahou m'qadar,Kamel Messaoudi,11,0,3,338973,0.431,-4.965,0.696,5.13e-05,0.156,0.831,0.0289,139.271,17,31,16
61uEh1Yxt29kH7othFJG5D,Isefra - Live,Idir,2,1,4,336600,0.473,-9.482,0.675,0.00497,0.683,0.489,0.0409,126.929,17,139,45
7cHi3SyTaLwT7uy9KekIyk,Pourquoi cette pluie? - Live,Idir,0,0,4,298546,0.449,-16.124,0.314,0.0787,0.727,0.38,0.03,98.475,17,267,52
1SwNKlfO9tOVmByawgOUSH,W'Ibry^N,Idir,4,0,4,244466,0.529,-21.056,0.127,0.00315,0.143,0.15,0.0455,136.791,17,850,366
6YPQ2TUCBt4kjZ6nP4fpTM,Nebki ala dmoue,Kamel Messaoudi,4,0,4,553678,0.457,-12.543,0.538,0.000868,0.068,0.4,0.0412,98.066,16,47,25
7Jj3YuKUXJZJMc9LYmxZal,Soulagé,Didine Canon 16,10,1,5,248685,0.628,-9.812,0.581,0.0,0.073,0.759,0.294,180.34,16,0,0
5qYIS68PpxZ5EQKIxpKGfN,Izumal,Idir,0,1,4,227266,0.677,-18.681,0.441,0.311,0.0925,0.86,0.0355,109.011,16,2524,962
692bOPBZnHNM7Px6yUt7XZ,Cfiy - Live,Idir,4,0,4,254866,0.274,-13.836,0.375,0.000139,0.975,0.386,0.0696,180.138,16,105,41
6Gck9wQ2AFOBwa9LRePhk0,Ya bouya hnini,Kamel Messaoudi,0,0,3,340586,0.456,-5.607,0.447,0.0288,0.098,0.787,0.067,132.574,15,0,0
6mjmsXe7FW78H3xtfc3Wjy,El ghadara,Kamel Messaoudi,6,1,4,368638,0.716,-11.727,0.493,4.31e-05,0.114,0.54,0.0462,120.376,15,42,19
7ECBXlxMZvEdKZQMG7eijo,Ya kahlet l'ayoun,Kamel Messaoudi,4,1,3,423906,0.682,-6.682,0.78,5.2e-05,0.0903,0.912,0.0305,140.064,15,63,25
3oYFF1LcvD7WDoSHKi88uF,Lettre à ma fille (with Tanina),Idir,4,0,4,248626,0.7,-17.803,0.249,0.00158,0.105,0.339,0.171,132.035,15,190,85
1sQ0GKfX6Nhqyl79hSt1t8,Ssendu - Live,Idir,6,0,4,270320,0.369,-13.196,0.359,0.01,0.588,0.289,0.0356,97.408,15,113,42
3oIXwkfO3aPo0YOSgfnIp5,Madloum,Didine Canon 16,9,1,4,284865,0.732,-10.703,0.436,2.67e-05,0.0985,0.471,0.131,80.019,15,1,1
4dyUevmktZ8YHFsgPyVzgp,La bohème - Version kabyle,Idir,7,0,3,253240,0.574,-10.433,0.447,3.16e-05,0.161,0.645,0.0332,126.024,15,201,95
3C1lHs5jVeFhYYKRlMKK0F,Retour (feat. Sinik),Idir,7,1,4,183453,0.65,-6.235,0.707,0.00108,0.338,0.583,0.0785,90.022,14,188,66
0Th9uhdT7t9qkpO98tihVA,Sahran Elil,Didine Canon 16,3,0,4,254328,0.712,-8.102,0.61,0.0,0.161,0.503,0.102,109.95,14,0,0
2mtjVEGReJ3FcGsXWmUxE6,Jardin d'hiver (with Henri Salvador),Idir,6,0,4,172360,0.404,-16.752,0.158,0.0,0.268,0.345,0.0341,118.34,14,202,82
1TA9On4uaa6Jv7mkkzl06X,Saïd ulamara - Saïd oulamara,Idir,0,1,4,238280,0.722,-6.932,0.638,0.0257,0.286,0.911,0.038,122.986,14,327,184
5I8B3I0kiBzQlPfwHB5kCP,A Vava Inouva - Coke Studio Algérie,Idir,4,0,4,260703,0.724,-15.776,0.392,0.0668,0.0949,0.522,0.0298,109.974,14,156,42
2pZFgbI31wKDi15666OFa5,Marche sur Jérusalem (feat. Akhenaton),Idir,7,0,4,252173,0.774,-7.168,0.477,0.000334,0.0988,0.663,0.0353,131.999,14,163,43
3n2pPPd99oDS8sY6T9IH5L,Tajmilt i Ludwig - Clin d'oeil à Ludwig,Idir,0,1,4,137173,0.392,-12.773,0.423,9.45e-06,0.0992,0.385,0.166,166.124,14,250,127
2elwyziwMlNjHW0mFvpITx,Ana ouanti ya guitara,Kamel Messaoudi,8,1,4,319306,0.745,-11.773,0.582,1.02e-06,0.0753,0.779,0.0869,113.599,14,11,6
6F2SV1I8IUo3u5l56nah4L,Kheliha taamel,Kamel Messaoudi,2,1,3,380852,0.606,-7.194,0.723,0.0,0.203,0.554,0.0382,152.121,14,48,17
04Itze2vgmdpU7A5y6ckCP,Ha kanek aouane,Kamel Messaoudi,0,0,4,326373,0.54,-11.05,0.516,0.00255,0.131,0.926,0.0449,112.541,14,13,4
1XXMcOooN326GP8shbCQCS,Fat elli fat,Kamel Messaoudi,11,0,4,408760,0.455,-8.129,0.503,0.000238,0.151,0.556,0.0347,98.308,13,136,24
5WcMTDkqqrtO5EuC0yU4PA,Africa Taferka (feat. Tiken Jah Fakoly),Idir,5,1,4,220213,0.747,-7.349,0.659,0.000342,0.112,0.804,0.0761,88.008,13,151,60
0l0YiCSz4iS31953F5stBp,La corrida (with Francis Cabrel),Idir,5,1,4,333200,0.569,-9.791,0.542,6.13e-06,0.137,0.537,0.036,98.987,13,1343,456
0IWOYmWUlAuCZQjOeab0sg,Ya Babor,Didine Canon 16,4,0,4,301035,0.456,-9.065,0.67,0.0,0.252,0.821,0.339,81.806,13,1,1
2QXi2woBFREBrB6JijErKq,Alkatraz,Didine Canon 16,2,0,4,246961,0.696,-6.945,0.476,0.0,0.0914,0.366,0.0601,74.982,13,1,1
1pODNqurAQhqHNIRFQVMBo,Habit el youm,Kamel Messaoudi,11,0,3,343386,0.373,-5.396,0.824,0.000431,0.225,0.699,0.032,154.235,12,33,17
49KDBXjCMvH2zRdGGhUm7u,Elli fat mat,Kamel Messaoudi,11,0,4,344600,0.627,-12.659,0.446,1.49e-05,0.0991,0.943,0.0794,94.721,12,0,0
3PejG6KjfPZJkrYAiaSEzt,Je viens de là où l'on m'aime (feat. Féfé & Leeroy),Idir,5,0,4,237760,0.771,-6.338,0.834,0.00681,0.245,0.513,0.153,91.637,12,133,35
0zR4JXuBxrD4Am9Li5iowU,Ghwani Blani,Didine Canon 16,9,0,4,306520,0.67,-3.776,0.724,0.0,0.16,0.773,0.0508,90.006,12,0,0
2l6z48F58XJKnrXpxkklNE,Uffiy - Sept garçons,Idir,7,0,4,229613,0.372,-12.33,0.118,0.0,0.107,0.534,0.0406,102.227,12,186,109
2ygTq8kWYtMURIA3TO4IMG,Adrar (Le silence de la Montagne),Idir,5,0,4,229200,0.639,-13.085,0.455,0.0364,0.202,0.924,0.034,170.009,12,278,167
4eIstnxsd6N9Rp9mXEGQnP,Ad nu al (Nous reviendrons),Idir,0,1,5,166573,0.532,-12.602,0.42,0.000483,0.392,0.739,0.0443,147.985,12,367,195
0DZULpGFVuYemTn5lWMqp5,Assabri ya lebnia / El henna - Pot pourri,Kamel Messaoudi,2,1,3,781303,0.371,-6.028,0.543,1.63e-05,0.196,0.688,0.0362,160.247,12,8,5
7997ZSJDtrLg92AuefWj5f,Iferedj rabi,Kamel Messaoudi,6,0,4,571023,0.46,-11.326,0.497,0.00654,0.374,0.356,0.0297,105.136,12,17,9
5UnoE6Wm5ripD0Sqt6cpX3,Les larmes de leurs pères - Imettawen n imezwura,Idir,3,0,3,325613,0.564,-12.857,0.386,0.000385,0.0994,0.578,0.0398,139.219,12,139,85
05xYMiqBsSGNhj0jRPsdKu,Khalouni fi hali khalouni,Kamel Messaoudi,0,1,4,562346,0.503,-13.668,0.471,0.0155,0.19,0.788,0.0501,112.269,12,2,1
5GduU6lkc1OZhUWT73TOAn,Laboud sghir ichib,Kamel Messaoudi,5,1,4,291780,0.44,-11.858,0.421,7.39e-06,0.326,0.534,0.0473,114.435,11,33,13
3bjzVTsJsFSPOMx2ucaokO,Adrar inu - Ma montagne,Idir,7,1,3,150720,0.581,-10.981,0.485,0.00779,0.171,0.781,0.0283,151.568,11,4241,1395
42v0lhP9XlxSVlB7fVDTGX,"Mama (feat. Danielito, Guizmo & Manu)",Idir,2,1,4,293333,0.595,-8.807,0.498,2.2e-05,0.154,0.529,0.151,174.091,11,79,35
3GVC4Up7LqgPwh3htdngvB,Rayeh marhoun,Kamel Messaoudi,11,0,4,377693,0.539,-9.585,0.517,0.000159,0.124,0.297,0.0376,102.15,11,52,19
0B2E7Zh4boyluNPS1XNUdM,Yehwa yam- libre et femme,Idir,0,0,4,264413,0.538,-8.793,0.654,0.000839,0.208,0.801,0.0389,88.002,11,0,0
3gdXSxlCtqhjbpvu2skRXG,Madjabe alik meddahe,Kamel Messaoudi,7,1,4,359946,0.584,-10.615,0.499,0.0738,0.117,0.733,0.0352,109.829,11,0,0
4ABseBzg5Spz6J6nSXbIy0,A Vava Inouva (Summer Edition 2018),Idir,2,1,4,397609,0.711,-10.079,0.716,0.616,0.101,0.265,0.0411,119.996,11,177,59
3PYmsNSO4ynaRobgLXQmFi,Efe y ayajrad,Idir,8,1,3,617106,0.487,-5.661,0.568,0.000749,0.161,0.767,0.0438,109.476,11,0,0
2AjzIBO9sXCTrDuRZgrIO8,A behri t meddit (Le vent du soir),Idir,9,1,4,273893,0.209,-11.005,0.42,0.00268,0.392,0.346,0.0535,177.109,11,271,141
3UoE1ssF5I1D50ocztElhQ,Al youm rah,Kamel Messaoudi,8,1,4,614440,0.609,-6.217,0.683,0.00293,0.381,0.474,0.0338,109.082,11,36,8
02V2LgvsQEkVSee73k459z,Ibeddel zzman - Les temps changent,Idir,2,1,4,214800,0.62,-7.226,0.664,0.0849,0.119,0.79,0.0376,94.967,11,185,128
1enI3TusFEluP7a2fNsKx7,Mechi ghardi,Kamel Messaoudi,11,0,4,538506,0.547,-8.721,0.638,0.000482,0.113,0.507,0.0338,121.302,11,24,11
0YBQbTsIcQhd7zj72TTMgd,Ameddyaz (La mort du poête),Idir,11,0,4,279373,0.451,-12.84,0.363,0.28,0.109,0.312,0.0349,102.0,11,385,138
2U7vu7lJicTcOqvlYzINrf,Twareg (Les Touaregs),Idir,2,1,4,280266,0.446,-15.542,0.518,0.304,0.0905,0.284,0.0758,93.744,11,1155,557
3rLn08zyJW0nCwodk9dxFU,Ouryenfagh manahder - Kabyle,Kamel Messaoudi,10,1,4,442524,0.66,-8.943,0.626,0.000426,0.131,0.726,0.112,136.461,11,53,11
3z0jNVqVeybyV7wj1ZwtJ8,Yal goumri,Kamel Messaoudi,2,1,4,387986,0.666,-6.872,0.706,0.0152,0.588,0.887,0.0288,108.663,11,0,0
2ZwnRGwq0eiyNvyvHeXRhR,Echamaa,Kamel Messaoudi,7,0,3,601826,0.551,-16.808,0.289,0.000267,0.154,0.654,0.0476,129.025,11,34,13
4wnjPITfr1KXSrMkg3SVjR,Dahmane mat,Kamel Messaoudi,0,1,4,433373,0.558,-7.803,0.732,0.00164,0.509,0.859,0.0394,108.68,11,7,5
6MnqkwoClAQ6oeHiHgAZt3,System Degole,Didine Canon 16,7,0,4,228519,0.743,-12.096,0.442,0.0,0.201,0.566,0.254,119.914,11,1,1
7tNoP7dXyYX3IW7KBB2HYG,Ghir liyhab eslahou,Kamel Messaoudi,7,0,4,240373,0.563,-11.413,0.537,0.743,0.208,0.783,0.0424,125.301,11,18,4
3bUwWrMHyIYItswDV1mGAj,El wadaa,Kamel Messaoudi,7,0,4,370786,0.545,-10.028,0.537,0.00255,0.153,0.372,0.0384,100.889,11,1,1
7fOQhIXSSyDg3xTFzBozzz,La Fiesta,Didine Canon 16,1,1,4,167601,0.944,-10.023,0.428,8.79e-06,0.0846,0.743,0.202,99.028,11,3,2
06o4uFwM9ylWpsvMGFbCTL,Lehnina memti,Kamel Messaoudi,2,1,4,959400,0.534,-8.238,0.465,0.000343,0.181,0.685,0.186,94.516,10,0,0
3xcZHxTXpjDenWseWDEbbn,La Vida Loca,Didine Canon 16,5,0,4,192313,0.72,-8.113,0.549,0.0,0.384,0.383,0.166,118.067,10,0,0
5hii68YKKvXpxmLjMeEMJJ,Smoke Sl3A Safia,Didine Canon 16,0,1,4,235911,0.754,-9.22,0.444,0.0,0.0909,0.342,0.132,115.074,10,1,1
3EEs7jcyZTawZyRmDL5q2x,Awah awah - Live,Idir,6,1,4,348880,0.337,-6.264,0.887,0.000359,0.97,0.453,0.201,160.984,10,68,26
1RQSjR2XjdV3gpyfgT2l5O,Ya mirat elryam,Kamel Messaoudi,2,0,3,441549,0.502,-8.054,0.668,0.0,0.446,0.796,0.0356,97.512,10,37,9
6lQfusSITpL2f1T5c461SS,M'chiti,Kamel Messaoudi,10,0,4,603833,0.518,-11.455,0.488,0.00289,0.378,0.446,0.031,104.373,10,12,9
4UvYwMgh87d2RTnYUQ4wPA,Mathabinich waalah,Kamel Messaoudi,7,1,4,303506,0.539,-8.372,0.613,0.00187,0.182,0.612,0.0442,124.209,10,13,2
4tOBMKZsdPxkPCxzOvnaqb,Tayemmatt - Naissance du monde,Idir,0,1,4,237706,0.463,-15.419,0.16,0.0,0.309,0.272,0.076,67.203,10,155,97
1JSp3jyJq2mZX1u2emsVhq,Samhini,Kamel Messaoudi,11,0,3,340573,0.467,-0.642,0.829,9.73e-05,0.202,0.817,0.0347,138.927,10,13,5
4oF31aGCwEIYBzjKRgLvWi,A mon père (feat. Nâdiya),Idir,10,1,4,212173,0.34,-7.091,0.652,0.0,0.239,0.374,0.0354,79.317,10,99,36
3aUhLJVyakf0hWkXr0Dsyg,Cteduyi - Live,Idir,7,0,4,470066,0.513,-8.243,0.761,0.000721,0.439,0.603,0.14,137.603,10,93,29
6KLMMwqTsKfal5KDSPRaiG,El far'h,Kamel Messaoudi,11,0,4,475386,0.456,-2.695,0.892,0.0264,0.177,0.581,0.0455,126.266,9,5,2
4TeVSToq38s0Vz6nbmPVJQ,Isaltiyen (Kabylie-Bretagne),Idir,3,1,3,258133,0.357,-10.933,0.394,0.0,0.109,0.38,0.0296,111.017,9,511,250
6JDXawXhLbzUKQMjm9KJnk,Rahou m'kadar,Kamel Messaoudi,11,0,3,347893,0.402,-0.301,0.939,0.00127,0.294,0.747,0.0347,154.066,9,4,2
5RPUJUiyRapTsR3FyEJ4od,Chabia Hafla - Pt. 1,Kamel Messaoudi,2,0,4,1131813,0.487,-11.851,0.391,0.0143,0.0919,0.457,0.0453,146.478,9,4,4
40vUvZsUgM7N9rfWc8IO8E,Ya dzair,Kamel Messaoudi,11,1,4,371200,0.429,-5.637,0.551,0.00142,0.112,0.711,0.0432,114.493,9,29,11
1SNKNXlE7T2Otr74sRMLsp,"Snitraw, Vers. 2",Idir,11,0,4,226106,0.597,-8.932,0.629,0.0,0.259,0.457,0.0324,106.486,9,73,25
30OBAcr95Vvf6xr5PH9aux,Zwit rwit - Live,Idir,10,1,4,519133,0.47,-6.964,0.839,0.00115,0.673,0.678,0.0627,139.098,9,78,24
5Tj7wM4kMpezqs1A6AyUef,Djiti ou chkitili,Kamel Messaoudi,11,0,4,230840,0.61,-9.271,0.668,0.779,0.115,0.55,0.0278,131.472,9,43,10
2tjnpHQQTJaEPybHHpbOQx,Baba hnini,Kamel Messaoudi,4,0,4,490520,0.605,-8.962,0.735,0.000534,0.243,0.455,0.0862,102.404,9,12,5
5BMgmhG3iEiiqeOLUJ38Rt,Samhini,Kamel Messaoudi,11,0,4,473120,0.431,-6.345,0.786,0.0283,0.111,0.549,0.0391,127.88,9,13,5
2nKc8hT6g4D1iAvOcisYaQ,Pèlerinage (feat. Oxmo Puccino),Idir,2,1,4,198480,0.673,-7.294,0.56,5.22e-06,0.243,0.553,0.124,93.122,9,62,28
7BTJ0hk9gwc2Qsso1LXJWQ,An sghier,Kamel Messaoudi,9,0,3,211200,0.492,-5.375,0.826,0.0409,0.277,0.956,0.0338,147.162,9,13,4
2mpK6OSL31WgrVA5I1hCOv,Elli heb slahou,Kamel Messaoudi,7,0,4,363973,0.653,-10.411,0.483,6.62e-06,0.428,0.891,0.034,101.708,9,0,0
0gQKj3mdrAwBWNHwVCUpPH,DZF - All Fighters,Didine Canon 16,8,1,3,130000,0.715,-9.468,0.665,0.00012,0.0943,0.55,0.0851,105.023,9,3,1
3Nco5XX4mU6f9aaRv3TSjh,Médailles en chocolat (feat. Disiz La Peste),Idir,10,0,4,225920,0.497,-12.597,0.544,3.87e-06,0.372,0.523,0.05,100.054,9,75,24
5z8CQi0KuWbBk24GnJb92J,Baba-S (Papa),Idir,7,0,4,196106,0.273,-12.499,0.578,0.00148,0.258,0.722,0.0406,167.782,9,303,147
7qqS82ti5MjwDU4G2Dl1fO,Yal aadra,Kamel Messaoudi,2,1,3,287293,0.51,-6.226,0.781,0.549,0.423,0.966,0.0317,158.717,9,4,3
3ZlP3TrmzUCsoxCVINeF8d,U Shisif ara- le col du salut,Idir,9,1,3,440066,0.467,-9.009,0.622,0.0349,0.036,0.887,0.0461,151.533,9,0,0
0F4IBy6UrO4U0Dhx42eWxx,Ana lememhon,Kamel Messaoudi,11,0,4,302229,0.648,-8.204,0.797,0.277,0.092,0.779,0.0388,111.748,9,39,8
7pyILxyPhJgVoE7NLmOytR,Man houa rouhi ou rahti,Kamel Messaoudi,2,1,3,253328,0.345,-4.967,0.872,0.0188,0.187,0.96,0.0547,159.706,8,8,6
5NyfIHrKNTVkh7IhPhArWh,Ache dani,Kamel Messaoudi,1,1,4,356653,0.568,-8.354,0.426,0.0346,0.105,0.461,0.0316,97.629,8,0,0
3zcl69qKAyQb4GCPy8v0M9,Marit fermlah b'halou makmoul zin - Live,Kamel Messaoudi,0,1,4,873000,0.417,-8.517,0.621,0.18,0.127,0.395,0.0355,114.194,8,8,5
1JX0vhof1XYVaCfYX6DZrj,Qoulou lzinet elassem,Kamel Messaoudi,3,1,4,310933,0.635,-7.076,0.455,0.0308,0.248,0.736,0.0364,108.934,8,0,0
4uGOV3gmWA0Kf5zBeCLN1o,Aziz aliya,Kamel Messaoudi,4,0,3,400453,0.637,-1.792,0.883,0.711,0.202,0.892,0.0288,141.215,8,14,2
7nlUaiQJYujKnrrt9KVQ7A,Alaymani fi liati la zarouk m'hani - Live,Kamel Messaoudi,0,1,4,488893,0.43,-9.402,0.621,0.887,0.222,0.505,0.0383,112.09,8,30,1
0YXmMGleGoNevUNCRR1gFM,Byan warrac (Les enfants veulent...),Idir,7,0,3,284560,0.597,-11.602,0.736,0.0748,0.0371,0.851,0.0502,196.107,7,249,129
3BbypQrBMsWCvdtZRkjq7V,Ya m'hamed,Kamel Messaoudi,2,1,4,563426,0.579,-6.403,0.49,0.0,0.0572,0.652,0.0312,148.742,7,0,0
6AAv7acP23UFIfmHXD3JSN,آش داني,Kamel Messaoudi,1,1,4,356653,0.568,-8.354,0.426,0.0346,0.105,0.461,0.0316,97.629,7,0,0
5Qr0i2MULsr6buiO9oqIHX,Ma fadtni bi massala - Live,Kamel Messaoudi,11,1,4,263560,0.362,-9.991,0.539,0.945,0.146,0.551,0.0348,111.075,7,5,2
5aRXbIBrrkSwv6SRnHoMUL,Bkaw ala khir - Live,Kamel Messaoudi,2,0,3,163253,0.275,-5.845,0.82,0.496,0.514,0.927,0.0401,81.769,7,2,1
4a03UiUwqzzIYmbHQ1BrLI,كفياش هيلتي,Kamel Messaoudi,2,1,4,369667,0.533,-7.077,0.418,6.61e-05,0.27,0.375,0.0543,99.37,7,0,0
3A9hkJbNucxpY1nUCjHZwJ,Rah el - ghali,Kamel Messaoudi,2,0,4,473693,0.407,-6.908,0.594,0.000607,0.125,0.456,0.0365,147.638,6,22,8
6wQbM1loNfzFTTm9NbgYEH,Al kalb douah,Kamel Messaoudi,9,0,4,454440,0.457,-5.284,0.597,0.0,0.503,0.773,0.0394,131.913,6,0,0
4HiiaE9QIIbSzWsQADD5x0,Wach rahli fi eness,Kamel Messaoudi,0,0,4,211320,0.561,-10.8,0.566,0.0375,0.0961,0.84,0.0508,124.281,6,13,3
2PmEVCJTXylV7x4QSGgnEV,Lettre à ma fille (with Tanina),Idir,4,0,4,248626,0.7,-17.803,0.249,0.00158,0.105,0.339,0.171,132.035,6,190,85
6ia06xVuuMtcVpjH34dWw9,At zik (Poème ecologique),Idir,0,1,3,614466,0.286,-15.299,0.456,0.000322,0.615,0.298,0.102,141.889,6,231,73
0PUjRM7WbHefVfx4VWkl4C,Vedegh di tizi,Idir,0,1,3,314106,0.634,-8.42,0.661,0.00863,0.143,0.785,0.0401,124.134,6,0,0
2Ri73nincnkeooldo6XNac,Ah ya moulay,Kamel Messaoudi,11,0,3,130120,0.367,-4.183,0.839,6.49e-05,0.238,0.688,0.0437,114.615,6,67,35
7JCnKD1BvmiUsqw9K3roGA,A lhif edu,Idir,5,1,3,273600,0.416,-10.804,0.562,0.000127,0.318,0.87,0.0407,172.714,5,0,0
6zFUIZRHfO7ycjDpuc8b80,Amacahu,Idir,0,1,4,239960,0.648,-9.874,0.725,0.145,0.29,0.963,0.0489,119.906,5,0,0
2jGJxh83Okk9VhKivTRMoL,Samhini,Kamel Messaoudi,11,0,4,473120,0.431,-6.345,0.786,0.0283,0.111,0.549,0.0391,127.88,5,13,5
4yadnf5W795Z0pxcbpw4iR,بويا هارتنت,Kamel Messaoudi,0,0,3,340586,0.456,-5.607,0.447,0.0288,0.098,0.787,0.067,132.574,5,0,0
6TaLaHkxENrQrmtdWNDTmz,Ya bnel ouerchan,Kamel Messaoudi,2,0,3,352680,0.543,-2.002,0.613,0.00511,0.257,0.715,0.0601,148.25,5,0,0
0bLouF7qdESd7AaiddQCb9,Madoum el hekma,Kamel Messaoudi,2,1,4,1113013,0.405,-3.719,0.482,0.00013,0.175,0.395,0.0295,100.514,5,0,0
4BMUKrGgi4u1VYhtx9Mbqg,El bareh,Kamel Messaoudi,2,1,4,308933,0.23,-0.145,0.762,0.00146,0.128,0.605,0.0415,86.251,5,0,0
2hYlLdWbm34vqU1Tg0ZNX5,Ch'hilet laayani,Kamel Messaoudi,2,0,4,467200,0.497,-7.221,0.695,0.237,0.443,0.732,0.0452,107.471,4,227,55
65IsIXXoDNp6S7hXLzUvCR,Ya soura jmila,Kamel Messaoudi,2,1,3,344826,0.377,-2.855,0.734,0.0093,0.334,0.959,0.0872,156.539,4,0,0
5cKEEphOrfu5qQlG5jGUmP,Aalach ya shab,Kamel Messaoudi,7,1,4,251133,0.585,-7.66,0.509,0.000225,0.292,0.743,0.0608,119.75,4,0,0
7y3R36zvpRWrELqye5ZxQt,فانكير,Kamel Messaoudi,7,1,3,626160,0.451,-9.398,0.468,5.68e-06,0.135,0.656,0.0342,137.613,4,0,0
3D3jBOZOwNNLM1Wvgj9wjv,Sir anaker lehssane,Kamel Messaoudi,5,1,4,723960,0.484,-3.229,0.732,9.17e-06,0.34,0.632,0.0327,97.523,4,0,0
0JzlAGIHc3N8BUYerzE6bL,Ay khir el 'anam,Kamel Messaoudi,7,1,4,86986,0.313,-3.773,0.853,5.88e-05,0.728,0.61,0.0531,78.936,4,6,4
2nouej7EuG92WofH6HoFqe,يا محمد,Kamel Messaoudi,2,1,4,563426,0.579,-6.403,0.49,0.0,0.0572,0.652,0.0312,148.742,4,0,0
43Fx6r9rLa7GSbCSA29NFr,Né quelque part (with Maxime Le Forestier) - Version kabyle,Idir,11,0,4,234666,0.606,-9.309,0.638,0.000141,0.117,0.876,0.0594,150.032,4,311,128
5xergHjgbyOtmofOkcLWcN,Chabia Hafla - Pt. 2,Kamel Messaoudi,5,0,4,1096800,0.37,-5.555,0.798,0.00392,0.45,0.383,0.0438,117.286,4,2,2
0ikRHpnvggWfTk02i15dvV,Ya mahla ellil,Kamel Messaoudi,11,0,3,196053,0.687,-8.889,0.563,0.03,0.0216,0.861,0.0413,94.846,4,3,2
6kX4ZLPG0voiPAH1mNiZ08,Kif amali ouhilt,Kamel Messaoudi,3,0,3,282200,0.505,-9.201,0.374,0.00318,0.134,0.928,0.0747,170.126,4,0,0
108c9KPkIS5NaiCNx6xlvX,El farh,Kamel Messaoudi,11,0,4,283133,0.398,-6.759,0.693,0.00025,0.704,0.541,0.036,119.771,4,4,4
04m5D0NxTEkIyScHbLbkjo,Nari ou korhti,Kamel Messaoudi,1,1,4,660813,0.645,-15.314,0.384,0.000248,0.102,0.771,0.0409,115.698,4,7,3
7CBsstHbpcKuetDkoPJnIx,Megouani sahran,Kamel Messaoudi,2,1,4,293533,0.42,-1.425,0.696,0.01,0.189,0.85,0.0431,149.342,4,0,0
0EEa9YZey3mqkJ30sZNXPW,Berwali (Instrumental),Kamel Messaoudi,1,1,4,167960,0.296,-3.162,0.945,0.285,0.489,0.364,0.0848,83.101,3,5,4
7oNROKVYpizy0rhgQaA3RZ,Ya arrous,Kamel Messaoudi,11,0,3,206080,0.697,-3.107,0.778,0.000288,0.25,0.862,0.0345,92.59,3,6,4
0dXHBKM4coQFh1SRObnjEk,Aâziz aâliya,Kamel Messaoudi,1,1,4,307133,0.316,-4.325,0.767,0.0108,0.342,0.67,0.0453,114.622,3,3,2
2owBcoQJh9s2iodYGfxoJH,Ya 'ârous,Kamel Messaoudi,11,1,4,103986,0.447,-5.538,0.812,0.000406,0.759,0.836,0.0401,122.1,3,3,2
3iXf5bun2TwiycZGNMl35g,Habit elyoum en fakrak,Kamel Messaoudi,11,1,4,1089560,0.341,-1.034,0.904,0.000284,0.292,0.636,0.0657,118.423,3,3,2
5r1g7CPEcpsnypRMp0mY3d,A Yemma,Idir,0,0,4,186880,0.399,-9.807,0.484,2.04e-05,0.348,0.372,0.0363,117.097,3,0,0
6cxFZVb1DDJUPajhAVFZOv,A yemma yemma,Idir,7,1,3,265373,0.638,-9.909,0.486,0.0,0.156,0.855,0.0422,137.306,3,0,0
26I3T5czkc7H3L478BWDVc,Etsur,Idir,8,1,5,271600,0.439,-11.949,0.359,0.0,0.182,0.693,0.216,169.91,3,0,0
3RQnkuoapKlIOGqM6yUj8Q,Idrimen,Idir,2,1,4,183352,0.634,-8.442,0.582,0.0,0.105,0.82,0.156,135.296,3,0,0
7jsBPLELHGN6zBDDoQgOAN,Selkan iderz,Idir,3,0,3,246920,0.695,-7.634,0.523,0.000199,0.0994,0.899,0.039,132.611,3,0,0
3N6KqPmIe0XTQAV3ZDogZJ,Beddet de tizi - Le Gâchis,Idir,0,1,3,314106,0.634,-8.42,0.661,0.00863,0.143,0.785,0.0401,124.134,3,0,0
4fLRph1SFw6NpK4xThpq6A,Monsieur le Président,Idir,10,0,4,394666,0.468,-8.938,0.617,0.0,0.718,0.42,0.0371,110.659,3,0,0
3qD7aIriUGDUrso2P68NSq,A tamtart,Idir,0,1,4,397893,0.59,-10.947,0.532,0.0852,0.261,0.71,0.0367,99.961,3,0,0
3odz71Fy66TCc7EK09Jnox,يا رايح,Kamel Messaoudi,4,0,5,237960,0.778,-4.117,0.946,0.000105,0.113,0.967,0.0372,101.042,3,0,0
3boIRjI0UVmbF2ZKy1ypi3,A lhif edu,Idir,5,1,3,273600,0.416,-10.804,0.562,0.000127,0.318,0.87,0.0407,172.714,3,0,0
3AMiifknpJRf8zftbiiRvC,Sseh Ssev,Idir,11,0,4,387800,0.564,-14.553,0.445,0.0148,0.047,0.817,0.0472,97.858,3,0,0
4LjDdx9Dk5pabykuOqdbGa,Chams el barda,Kamel Messaoudi,7,1,3,981840,0.332,0.173,0.911,0.0308,0.37,0.577,0.0479,143.327,3,0,0
3K0ugFB2sOcWBsuCjHbtzJ,Tiyri ugujil,Idir,8,1,3,316000,0.664,-11.414,0.415,0.0,0.35,0.846,0.0478,134.739,3,0,0
59BXRmVhxYc4q29fZY17uB,Elle s'arrache La liberté,Idir,9,0,4,274266,0.611,-9.208,0.479,0.0294,0.367,0.8,0.071,104.091,3,0,0
2eAl5YM7zweTGfakLVlS2c,Kenza,Idir,10,1,4,276733,0.568,-14.404,0.292,1.68e-06,0.307,0.788,0.0899,119.275,3,0,0
1DZq12yIcnyo3MYXh5OSJj,Man nahoa rohi ou rahti,Kamel Messaoudi,2,1,3,251786,0.351,-5.81,0.824,0.0395,0.353,0.964,0.045,160.514,3,4,4
23JJI2rEek8utGQQPbt3BH,Yir Argaz (homme indigne),Idir,11,1,4,193453,0.652,-14.15,0.569,0.00712,0.0595,0.789,0.0538,138.816,3,0,0
1pH2NAlPWCk1BrYmt0xZii,Khoud-ha men-ande acheb-aane,Kamel Messaoudi,2,0,4,377866,0.568,-9.195,0.63,0.0427,0.344,0.77,0.0396,112.619,3,0,0
3pQC9ERQvoWdXdwD3g7BkJ,Khalou trigue,Kamel Messaoudi,7,0,4,369666,0.564,-5.534,0.642,0.0206,0.119,0.943,0.0355,107.806,3,0,0
0ArmHcYse8nsso7CI1T6cl,Ma ikoun illa khatrek,Kamel Messaoudi,11,0,4,375426,0.519,-16.197,0.276,0.00452,0.174,0.659,0.0844,97.539,3,0,0
027c2JXf8IFGnDKQW0ftb7,Sers imanikh (narcisse noyé),Idir,10,1,3,370880,0.408,-8.421,0.696,0.000143,0.157,0.83,0.0342,102.737,3,0,0
7KyzUGhtiCbXtBs9iTeabK,Ayahlili,Idir,0,0,4,445453,0.655,-13.861,0.326,0.0,0.156,0.696,0.0495,130.057,3,0,0
1M63NgUH1pSy92kNC3IEiP,Id kounta Achik istikhbar - Live,Kamel Messaoudi,0,1,4,591853,0.392,-9.963,0.451,0.607,0.271,0.23,0.033,114.468,3,3,1
5mJRVsXsi3OaSfVD9Cq8ph,Sali houmoumek fi dal achiya - Live,Kamel Messaoudi,0,1,4,135826,0.458,-9.568,0.67,0.931,0.195,0.658,0.0344,112.727,3,24,2
4UmvxgWBgTTTrhmFoDJ7Tt,Touchiya gherib - Live,Kamel Messaoudi,11,0,4,362306,0.486,-7.977,0.617,0.867,0.101,0.458,0.034,117.137,3,5,4
1f3Imzx2WwhmRn0i1y4eNW,Echamaa - Instrumental,Kamel Messaoudi,7,0,4,386093,0.428,-18.961,0.244,0.819,0.25,0.276,0.029,83.295,3,0,0
00Bh62wjd2TQ2p9SP80CZC,يا رايح,Kamel Messaoudi,2,1,4,184826,0.656,-2.521,0.819,0.0,0.408,0.85,0.0382,102.714,2,0,0
3VEFPdpRMNOvGorRE7rES8,Azul thamurt Idhourar,Idir,0,1,4,276546,0.566,-10.876,0.845,8.11e-06,0.0854,0.968,0.0768,106.891,2,0,0
72yRqD7xAllyK8fkhLeemA,Etsur,Idir,8,1,5,271600,0.439,-11.949,0.359,0.0,0.182,0.693,0.217,169.91,2,0,0
0qN2gcOMGgu6a0P77pnJbu,Ya rabbi toub aliya,Kamel Messaoudi,2,1,4,431733,0.574,-12.272,0.49,0.00774,0.177,0.768,0.0498,95.131,2,0,0
1E0JUB1NweE7pKjbHfA2M4,Afus Ayarac,Idir,0,1,3,215373,0.714,-9.52,0.414,4.32e-06,0.0697,0.691,0.0361,115.794,2,0,0
5dBYv5mhd3QzMZ0N71etpO,La giffle,Idir,10,1,4,345253,0.53,-8.447,0.544,0.000221,0.107,0.575,0.0443,102.876,2,0,0
5dQt1efX7gyS783ftJaj0G,Amertume et regret,Idir,5,1,4,348733,0.597,-7.692,0.7,0.000189,0.0644,0.894,0.048,106.685,2,0,0
0mfcExf4BpQ77i37PXcXki,A tamtart- sa perdition,Idir,0,1,4,397893,0.59,-10.947,0.532,0.0852,0.261,0.71,0.0367,99.961,2,0,0
1IQq52IyRSSCfHhUXQAKXs,L'ironie du sort,Idir,5,0,4,246280,0.595,-8.72,0.479,0.000192,0.0784,0.863,0.114,88.028,2,0,0
4QR4OMBdpIdnVnMF7B4Isk,Ay Izem,Idir,5,1,5,376226,0.553,-12.3,0.457,0.0,0.0745,0.808,0.0508,161.946,2,4,1
0LYYHLGJQJ9GBrDeruLv7a,Ya kamelet ezzine - Live,Kamel Messaoudi,7,0,3,204466,0.322,-5.83,0.952,0.787,0.826,0.88,0.0744,114.806,2,1,1
7JNSGTjXGMbE4v3072zP3h,8 Ma nachki chakiya - Live,Kamel Messaoudi,0,1,4,218253,0.319,-8.73,0.789,0.841,0.21,0.504,0.0457,120.398,2,1,1
6YNLIi0ptTgGhRTTmMpSZQ,Presentation des artistes - Live,Kamel Messaoudi,7,1,4,112226,0.321,-9.199,0.722,0.955,0.324,0.674,0.0365,159.257,2,21,2
6vrhbk4zzlhJK1MLDup2bO,Elle s'arrache La liberté,Idir,9,0,4,274266,0.611,-9.208,0.479,0.0294,0.367,0.8,0.071,104.091,2,0,0
1mvgTX3xaMvQfO1BpKu98D,As El Ferh,Idir,0,1,4,294893,0.308,-7.108,0.855,0.0,0.232,0.93,0.055,66.769,2,0,0
6b4bkcoGFLVUnIn0QyQxXI,Afrux,Idir,2,1,4,244426,0.547,-9.331,0.514,0.0369,0.661,0.575,0.0279,102.774,2,0,0
1dhpVfr8ERbod5IfZSGv3Z,Rayi ezzahouani,Kamel Messaoudi,11,0,4,367506,0.636,-15.625,0.24,0.0301,0.17,0.663,0.0508,97.212,2,0,0
0aB2a8mKLzulDUcN4uGZHw,Dak elmaqnine ezzine,Kamel Messaoudi,2,1,4,275400,0.588,-12.227,0.445,0.00325,0.0883,0.704,0.0432,100.864,2,0,0
5dzWUdd80VxFzfDxpoolDo,Ouine houma hbabna,Kamel Messaoudi,7,1,4,274973,0.656,-14.751,0.348,0.0104,0.13,0.799,0.045,100.409,2,0,0
6QUDF6d8NbNefimjgnnLkP,Azul Thamurt Idhourar,Idir,0,1,4,276546,0.566,-10.876,0.845,8.11e-06,0.0854,0.968,0.0768,106.891,2,0,0
3Xdq3TKldVXNtVbLC7n4Zb,Les larmes de leurs pères (with Patrick Bruel),Idir,6,1,3,325280,0.585,-13.674,0.372,0.00237,0.104,0.585,0.0398,139.348,2,236,119
5goMAWHJm7ewTHlr1rYIOU,El bahja yal bahia,Kamel Messaoudi,9,0,4,320760,0.458,-11.769,0.486,0.0419,0.11,0.923,0.0719,101.918,2,0,0
0vfb1jHIHomh3RXsKbhHUt,Ya rabbi ya sattar,Kamel Messaoudi,5,1,4,304533,0.704,-13.77,0.381,1.07e-05,0.303,0.781,0.0551,102.959,2,0,0
6eJuzYJzbecOog31ISGtps,Ya tir elquafs,Kamel Messaoudi,6,0,4,304506,0.58,-11.236,0.469,0.00054,0.136,0.945,0.0382,151.067,2,0,0
6T0Rl4h077x1OsMeaVpNnQ,Iniyid kan (L’ogresse de ma vie),Idir,7,1,3,276720,0.626,-8.506,0.587,0.0486,0.344,0.915,0.041,147.962,2,0,0
2naycv3VTELf8idNHdcqf0,Ruh ruh,Idir,0,1,3,145000,0.49,-13.477,0.422,0.0,0.0653,0.921,0.0522,91.878,2,0,0
0a8dzFKfmWtl4osIvQBlJZ,Ay Izem,Idir,5,1,5,376226,0.553,-12.3,0.457,0.0,0.0745,0.808,0.0508,161.946,2,4,1
7u3sW5JqCc8fATzk8U0k0Z,Ufigh Tamghart,Idir,4,0,4,235466,0.55,-10.824,0.64,0.00011,0.234,0.889,0.0433,131.153,2,0,0
1KmWn4Xjwknj2t5UBKa9f3,Hadik el ghamza,Kamel Messaoudi,2,1,4,361560,0.475,-11.601,0.454,2.7e-05,0.12,0.685,0.097,103.334,2,0,0
2pZssoGugwgNACifDxPnct,Mliyi - Instrumental,Idir,9,0,4,286346,0.575,-11.968,0.728,0.943,0.51,0.983,0.0405,121.139,2,0,0
05S9A7H4mzRUJEdqt2njYL,Ziri Ziri,Idir,4,0,4,234440,0.479,-8.598,0.811,0.353,0.62,0.898,0.051,131.661,2,0,0
3evHAW4e40Irg5mOkI2e6I,El kahwa ouel atay,Kamel Messaoudi,7,0,4,346255,0.471,-9.348,0.681,0.000161,0.12,0.904,0.0357,108.014,1,0,0
7FkTkDW10IKsOhP92OzD36,Achamaa,Kamel Messaoudi,9,0,4,549906,0.444,-7.745,0.577,9.9e-05,0.211,0.625,0.041,141.793,1,3,1
2PV2izKiVmpn9zMgW96z8Z,Hassebni Khoud Krak,Kamel Messaoudi,7,1,4,303933,0.687,-8.806,0.472,0.0,0.075,0.786,0.0365,98.575,1,0,0
6Jrc9brPJbSReLS8SzgQiW,9 Aziza aliya - Live,Kamel Messaoudi,0,1,4,224666,0.377,-6.546,0.605,0.53,0.303,0.746,0.0299,102.533,1,3,2
0Uw1RhSCo0BezwatBqKrye,Ufigh Tamghart - Instrumental,Idir,8,0,4,211560,0.698,-8.356,0.87,0.386,0.0868,0.82,0.0748,129.622,1,0,0
0TSli22VhoWrQgGZYuDPia,Assebri Ya Lebniya,Kamel Messaoudi,3,1,4,462946,0.441,-10.761,0.398,0.00243,0.139,0.813,0.0456,145.397,1,2,1
0rYo6fdzjSkhIkZJME49Q8,Assalat ala nabina - Live,Kamel Messaoudi,0,1,5,163226,0.34,-8.752,0.507,0.14,0.366,0.424,0.0307,99.72,1,0,0
1RSinrOKJib3v6NNGGKtJn,Hiya hiya,Kamel Messaoudi,2,0,4,222840,0.66,-3.091,0.918,1.48e-05,0.295,0.92,0.0451,106.962,1,0,0
2CriasgZB6W3fUzXUxhRPi,Les matins d'hiver (with Gérard Lenorman),Idir,2,1,4,223253,0.613,-10.998,0.53,3.88e-05,0.11,0.359,0.048,132.038,1,135,78
4nkwodoB9QJjvR7UdlrkSj,Keltoum,Kamel Messaoudi,2,0,4,720626,0.42,-13.864,0.458,4.99e-06,0.133,0.737,0.0632,122.867,1,9,4
3y8W0jjdSYaZ2AxbjzGTaC,La déchirure,Idir,3,0,5,298852,0.467,-8.566,0.542,0.0094,0.149,0.763,0.115,168.833,1,0,0
0aH55vbpcGblGpNrGUZ93E,La désillusion,Idir,8,1,1,329933,0.357,-6.172,0.482,0.0,0.275,0.349,0.0394,126.369,1,0,0
3aSyY9gJcDpo09ukT03lPE,Faregte Bledi,Kamel Messaoudi,10,0,4,194733,0.401,-10.212,0.467,0.00326,0.166,0.259,0.0417,106.536,1,0,0
0mkqpkyFD6e38PraGeykTg,Lux,Idir,9,1,4,445816,0.688,-14.104,0.481,0.765,0.1,0.102,0.0442,120.004,0,0,0
4VgxMWuKCtlAMDUoStCIIu,Space Room,Idir,2,1,4,332000,0.372,-14.75,0.525,0.936,0.112,0.22,0.0484,119.267,0,0,0
7gPX0eue2EiXsbXcZz90nZ,Lux (Idir Remix),Idir,7,1,4,432000,0.715,-10.178,0.657,0.909,0.15,0.462,0.0357,120.008,0,0,0
5LLVlDvKylns6OWFaWwuhm,Noussik ya h bibi,Kamel Messaoudi,2,1,4,506173,0.464,-7.315,0.487,2.05e-06,0.187,0.259,0.0672,110.65,0,0,0
5WCZGnRGetV4XzTfkU177F,Mabrouk Laaroussa,Kamel Messaoudi,10,0,4,602186,0.635,-8.815,0.64,0.00317,0.149,0.701,0.0366,128.522,0,2,1
7C8Ar2cSNWAFzIdeIUCtzh,حبيت اليوم,Kamel Messaoudi,11,0,3,345386,0.374,-4.863,0.83,0.000595,0.258,0.709,0.0323,153.378,0,0,0
322GY1xcQstYulA6dwSQm2,Ya el ghalet,Kamel Messaoudi,2,1,4,429693,0.522,-4.432,0.565,0.000413,0.136,0.761,0.0384,113.637,0,0,0
47JMsaQ3ZkzYu5tQBs8c49,Ya hasra al l'ghram,Kamel Messaoudi,10,0,3,508080,0.481,-6.101,0.543,0.000189,0.122,0.86,0.0504,126.892,0,0,0
6iPLIXHeSH1ZSQiqprTTvP,Rah Ellil,Kamel Messaoudi,5,1,4,374800,0.611,-14.178,0.505,0.0217,0.128,0.968,0.0411,100.976,0,0,0
62ugU4WBi6nSU6VThfvZX7,Ya rayeh,Kamel Messaoudi,2,1,4,184826,0.656,-2.521,0.819,0.0,0.408,0.85,0.0382,102.713,0,0,0
5cjBR3B0NDKRZrfuTox0fs,Elli Heb Slahou,Kamel Messaoudi,7,0,4,363973,0.653,-10.411,0.483,6.62e-06,0.428,0.891,0.034,101.708,0,0,0
6PyYmTjPuJccXgYOn9Ehkc,Ma Ikoun Illa Khatrek,Kamel Messaoudi,11,0,4,375426,0.519,-16.197,0.276,0.00452,0.174,0.659,0.0844,97.539,0,0,0
1M5HRwRmRxySiqRHQF2hIS,Ahsabtek men ahle alkhir,Kamel Messaoudi,2,1,4,453613,0.588,-11.096,0.524,0.00319,0.102,0.885,0.0354,111.653,0,0,0
7Jw6x9VHpYgga9NqB02X6b,Hadik El Ghamza,Kamel Messaoudi,2,1,4,361560,0.475,-11.601,0.454,2.7e-05,0.12,0.685,0.097,103.334,0,0,0
0rnvUOYnG9Hl6tEecxUNmU,Ahlefte bimine akbir,Kamel Messaoudi,2,1,3,332466,0.343,-8.741,0.592,0.093,0.0815,0.748,0.0459,179.793,0,0,0
2i86bmyWNkcrA57hPXDPcn,Ache Dani,Kamel Messaoudi,1,1,4,356653,0.568,-8.354,0.426,0.0346,0.105,0.461,0.0316,97.629,0,0,0
3wtOVbVHL9WTPIsn8FHldf,Sir anaker lehssane,Kamel Messaoudi,2,1,3,308098,0.388,-5.548,0.694,0.000238,0.185,0.721,0.0351,75.698,0,0,0
2OffCyqORgbP3fCh2QvBWb,Elli Yebki,Kamel Messaoudi,2,1,4,295160,0.583,-3.262,0.75,0.000454,0.361,0.872,0.0328,101.645,0,0,0
3xBpUd8D1FMpAcsqiKRB8H,Kif amali ouhilt,Kamel Messaoudi,3,0,3,282200,0.505,-9.201,0.374,0.00318,0.134,0.928,0.0747,170.126,0,0,0
6KlKwFTSxpn4DEPTezPzcI,Ya bnel ouerchan,Kamel Messaoudi,2,0,3,352680,0.543,-2.002,0.613,0.00511,0.257,0.715,0.0601,148.247,0,0,0
7tB7xkLhlwIagwflvNC3HL,Ya M'hamed,Kamel Messaoudi,2,1,4,563426,0.579,-6.403,0.49,0.0,0.0572,0.653,0.0313,148.742,0,0,0
3qewMtOeBY3mBEbqHjlSHc,كولو الزينت العاصم,Kamel Messaoudi,3,1,4,310933,0.635,-7.076,0.455,0.0308,0.248,0.736,0.0364,108.936,0,0,0
1rdCLCECRZ1oPCTp3pZ6wg,Ya soura jmila,Kamel Messaoudi,2,1,3,344826,0.377,-2.855,0.734,0.0093,0.334,0.959,0.0872,156.539,0,0,0
4n7YbwcVlEBO4neYDtOszu,El bareh,Kamel Messaoudi,2,1,4,308933,0.23,-0.145,0.762,0.00146,0.128,0.605,0.0415,86.251,0,0,0
1gbZuqivhmkPz51vxDMyEc,Sir anaker lehssane,Kamel Messaoudi,5,1,4,723960,0.484,-3.229,0.732,9.17e-06,0.34,0.632,0.0327,97.523,0,0,0
0vSfFqt5wWQKwp5QNpiiHu,Youm l khmisse,Kamel Messaoudi,2,1,3,882066,0.515,-11.419,0.223,0.000211,0.127,0.847,0.0527,113.287,0,0,0
5rYi5PVRIGasw9IIB6VQBT,يا نجوم الليل,Kamel Messaoudi,3,0,3,378720,0.419,-7.83,0.638,5.66e-06,0.274,0.887,0.0554,174.648,0,0,0
477aWdeBchk57a2o6agz4Y,السير اناكر ليسميسان,Kamel Messaoudi,2,1,3,308098,0.388,-5.548,0.694,0.000238,0.185,0.721,0.0351,75.698,0,0,0
3anNnEELveYLeOUEYC5kJf,Ah ya ouelfi aàti,Kamel Messaoudi,5,1,3,457693,0.406,-10.003,0.382,0.000778,0.114,0.363,0.0886,82.872,0,0,0
4ClgAj7L3uBue7ibM4qVoK,راحو مقدار,Kamel Messaoudi,11,0,4,338306,0.437,-4.962,0.686,3.36e-05,0.183,0.822,0.0295,140.203,0,0,0
193vhUeBKib4YLBLJEVwIJ,Saadi ya saadi,Kamel Messaoudi,5,1,4,335973,0.402,-7.995,0.685,0.136,0.0981,0.907,0.0371,112.781,0,0,0
37vcLvscZRCMUjpE0zuEr2,ايلي هيب سلاهو,Kamel Messaoudi,7,0,4,363973,0.653,-10.411,0.483,6.62e-06,0.428,0.891,0.034,101.708,0,0,0
1sa8DBHTDUfT0rkrCVd66L,Billah aalik ya rayah,Kamel Messaoudi,8,0,4,280173,0.327,-6.433,0.687,0.04,0.371,0.496,0.0341,104.001,0,0,0
5ZzLqjkwcmIz46a6n8jEVi,Kifeche rah kfeche atbedel,Kamel Messaoudi,2,0,4,410720,0.557,-9.575,0.527,0.000854,0.349,0.667,0.0427,107.97,0,0,0
5U8J8vw2IXHOrSFoPGFzJM,Bahja Bidha,Kamel Messaoudi,11,0,4,357306,0.645,-12.435,0.331,0.0,0.168,0.712,0.0462,101.438,0,0,0
68C2JuQU2zXqfyGO8hGOI4,Ya oulfi Meryem,Kamel Messaoudi,1,1,4,890613,0.558,-10.549,0.408,0.439,0.172,0.513,0.0495,91.495,0,0,0
5rBTEwKnDrzTx4UlHmDbk8,Ache Dani,Kamel Messaoudi,1,1,4,356653,0.569,-8.353,0.425,0.0352,0.105,0.462,0.0314,97.629,0,0,0
1Ukbcox14awiVMfPCBgXGY,H'mama s'maêtha t'ghani,Kamel Messaoudi,1,0,4,496146,0.563,-5.493,0.484,0.0176,0.0885,0.402,0.0474,93.732,0,0,0
4dmyopxFbYWHgNenhEhtl9,Ah ya ouelfi aàti,Kamel Messaoudi,5,1,5,457693,0.436,-10.0,0.383,0.000783,0.114,0.363,0.0901,81.201,0,0,0
1fLOXUu9O7tEYKuiHr4nO9,Ghram kdem lala,Kamel Messaoudi,0,1,3,278040,0.456,-3.931,0.798,0.0,0.0975,0.943,0.036,79.073,0,0,0
237OiJHfLHCH8LSenV25ww,Ya n joume ellile,Kamel Messaoudi,4,0,3,457893,0.325,-8.549,0.428,0.0,0.464,0.638,0.0397,159.511,0,0,0
4oq0ggJsGNwWRPwSMoLDCY,Rahou Mqadar,Kamel Messaoudi,11,0,4,338306,0.437,-4.962,0.686,3.59e-05,0.183,0.822,0.0295,140.208,0,15,8
5VgtKVItfrCHmHuQXQDRcn,هاولوه هاولوه,Kamel Messaoudi,5,0,3,277680,0.46,-6.387,0.552,0.0143,0.348,0.915,0.056,145.221,0,0,0
0TGt18YSKLknphV2xDMGnV,Arouah arouah,Kamel Messaoudi,1,1,4,296346,0.581,-9.864,0.539,1.46e-05,0.0938,0.79,0.0446,101.844,0,0,0
6tWIewsfPZRnHkQ7sMl33L,Fel Mnem,Kamel Messaoudi,0,1,3,458013,0.431,-9.619,0.32,1.5e-05,0.0688,0.548,0.0573,94.216,0,0,0
4dXwInLNk9qs0g7De7TauM,Bahja Bidha,Kamel Messaoudi,11,0,4,357306,0.645,-12.435,0.331,0.0,0.168,0.713,0.0463,101.433,0,0,0
7H4cXq9bV3qwV82d1lawZl,كولو الزينت العاصم,Kamel Messaoudi,3,1,4,310933,0.666,-7.076,0.455,0.0302,0.248,0.737,0.0358,109.086,0,0,0
2AFMR9B5uJSvVnXCTA4Rvr,Allah yahdiq,Kamel Messaoudi,2,1,4,584280,0.609,-7.516,0.484,1.7e-05,0.353,0.721,0.0319,105.74,0,0,0
6Ruz8n8lo2pNqFSvRJtU86,Habit el Youm,Kamel Messaoudi,11,0,3,345386,0.373,-4.863,0.83,0.000588,0.258,0.701,0.0347,153.365,0,33,17
2G68EPe8xFlZlUUmkQrdya,Ya rayeh,Kamel Messaoudi,2,1,4,184826,0.656,-2.517,0.817,0.0,0.408,0.867,0.033,102.712,0,0,0
2YKLaYtWTilIaFzUMWAifZ,Ya di Allah,Kamel Messaoudi,1,1,3,1075466,0.54,-6.024,0.679,0.0104,0.582,0.596,0.0353,120.92,0,0,0
43iAEYMAoHzUJFf6D8ARTK,Nechkar El Karim,Kamel Messaoudi,7,1,4,429013,0.571,-11.044,0.366,4.01e-05,0.0695,0.596,0.0503,97.693,0,0,0
2UrJY1Wehd6RknJGWzKn89,Amedhouh,Kamel Messaoudi,0,1,4,208693,0.346,-5.87,0.597,0.000249,0.179,0.586,0.0316,148.173,0,0,0
6DXC0QLIY7toVVv7n36RT1,Elli Heb Slahou,Kamel Messaoudi,7,0,4,363973,0.653,-10.411,0.483,6.55e-06,0.428,0.891,0.034,101.708,0,0,0
4tRv4vzO4eoscBL8Fwa9Cz,El Walidine,Kamel Messaoudi,5,0,4,488919,0.625,-12.505,0.582,0.0274,0.345,0.621,0.0475,95.794,0,0,0
0waH260p5bn80xQ1s2kewt,Lehnina memti,Kamel Messaoudi,2,1,4,959400,0.528,-8.238,0.465,0.000355,0.181,0.685,0.187,94.515,0,0,0
3oBTNa0pvdxz8gzyEwwrwN,Koumou ya b nat,Kamel Messaoudi,5,0,3,354840,0.485,-6.042,0.679,0.00183,0.197,0.952,0.0402,149.366,0,0,0
3OxhfAzCoQkHBKoMSgMKaB,Sahrane ellil,Kamel Messaoudi,9,1,4,185400,0.427,-4.117,0.691,6.16e-05,0.0845,0.596,0.0472,112.325,0,0,0
1LSc7wU36U9I2Jq30NRTYY,Youm el djemaâ,Kamel Messaoudi,3,0,3,335987,0.444,-8.91,0.476,0.0,0.369,0.671,0.0937,82.088,0,0,0
4Yr0EdI43RvImn8J06kXYq,Kouani Ou Rah,Kamel Messaoudi,9,0,3,404466,0.458,-2.95,0.726,0.000261,0.0689,0.85,0.0376,100.361,0,0,0
4iNlCdu5YMt6bL9A8CEGq8,Youm el khemis,Kamel Messaoudi,6,0,4,701146,0.6,-9.232,0.55,0.902,0.111,0.713,0.0305,113.065,0,0,0
5qCd4YAqgb7tjPzdh4j62G,Sobhane Allah ya l'tif,Kamel Messaoudi,10,0,3,903400,0.705,-11.463,0.435,0.627,0.128,0.538,0.0457,102.656,0,0,0
4XxLDclprmAcLOdD1mACex,Ana b Jefak,Kamel Messaoudi,9,0,4,910040,0.574,-9.641,0.392,0.0,0.118,0.587,0.0865,119.354,0,0,0
7DLe89TMXZtRulA3kuIoC8,بويا هارتنت,Kamel Messaoudi,0,0,3,340586,0.456,-5.607,0.447,0.0288,0.098,0.787,0.067,132.574,0,0,0
3h8WLwHivIm6O1jsWONcuO,كواني أو راه,Kamel Messaoudi,9,0,3,404466,0.48,-2.95,0.726,0.00026,0.0689,0.861,0.0339,99.397,0,0,0
6HI9FDQbV52Xcfc5hoMaKz,M'Khiles,Kamel Messaoudi,11,0,4,219693,0.546,-14.485,0.469,0.149,0.12,0.815,0.0349,99.166,0,22,2
0HqlOwRWUyrhBykgFi5sW5,يا داير,Kamel Messaoudi,11,1,4,371200,0.429,-5.637,0.551,0.00142,0.112,0.711,0.0432,114.493,0,0,0
0MYz1zaXlg8YxC4H3gSsVz,Hassebni Khoud Krak,Kamel Messaoudi,7,1,4,303933,0.685,-8.806,0.472,0.0,0.075,0.787,0.0366,98.667,0,0,0
5zgI0EvN8pHnVgQxoUToDr,Lli mekoui,Kamel Messaoudi,10,0,4,283493,0.671,-4.328,0.918,1.28e-06,0.173,0.887,0.0324,105.007,0,0,0
2seSHbjNbTHJYw45XWW5LD,El Walidine,Kamel Messaoudi,5,0,4,488919,0.625,-12.505,0.582,0.0274,0.345,0.621,0.0475,95.794,0,0,0
58ImLnRhTDXEVKHEiakACI,Bilad Elkhir,Kamel Messaoudi,2,1,4,594400,0.633,-13.382,0.325,0.0,0.246,0.603,0.0794,97.443,0,0,0
3OcmUT9WBhIUbSbedRdDpI,Ayoul Ig Avghane Thoulas,Kamel Messaoudi,1,1,3,331560,0.693,-12.936,0.395,6.46e-05,0.138,0.889,0.0423,94.293,0,0,0
02yQSPQKZ7pFClP3faKlYw,Koumou ya b nat,Kamel Messaoudi,5,0,3,354840,0.485,-6.042,0.679,0.00183,0.197,0.952,0.0402,149.366,0,0,0
6bzYQOD8sOzWJfJv54IIkb,Ayahlili,Kamel Messaoudi,10,1,4,445453,0.654,-13.861,0.326,0.0,0.156,0.697,0.0494,130.061,0,0,0
5RUuH10ivMFPdrsSv8trFv,Ya n joume ellile,Kamel Messaoudi,4,0,3,457893,0.325,-8.549,0.428,0.0,0.464,0.638,0.0397,159.508,0,0,0
2euvLJJ7pallteclrgTMJ6,Rahou Mqadar,Kamel Messaoudi,11,0,4,338306,0.437,-4.962,0.686,3.59e-05,0.183,0.822,0.0295,140.208,0,15,8
1eaPpbtuVyEdiDKZMOHrz2,Sir anaker lehssane,Kamel Messaoudi,2,1,3,308098,0.464,-5.549,0.694,0.000241,0.185,0.722,0.0318,139.895,0,0,0
1OdGqRuAYSEMDePqEQSKny,A yemma yemma,Kamel Messaoudi,7,1,3,265373,0.646,-9.911,0.482,0.0,0.155,0.847,0.0422,137.345,0,0,0
6utAsV0ZpQzWlU42Vhcz8F,Ya Dzair,Kamel Messaoudi,11,1,4,371200,0.429,-5.637,0.552,0.00146,0.112,0.712,0.043,114.547,0,29,11
76itWCEgZucnAf2Yee0U1U,Noussik ya h bibi,Kamel Messaoudi,2,1,4,506173,0.464,-7.315,0.487,2.05e-06,0.187,0.259,0.0672,110.656,0,0,0
6raAnOGzhN1ZP5sA5ODlgn,Sseh ssev,Kamel Messaoudi,11,0,4,387800,0.562,-14.546,0.445,0.0148,0.0455,0.82,0.0479,97.656,0,0,0
59V8CLpoyI8yqBcnhTGTgd,El kahwa ouel atay,Kamel Messaoudi,7,0,4,346255,0.471,-9.348,0.681,0.000161,0.12,0.904,0.0357,108.019,0,0,0
71zxLCRnWiMPVazPUFI7KP,Elli Heb Slahou,Kamel Messaoudi,7,0,4,363973,0.653,-10.411,0.483,6.55e-06,0.428,0.891,0.034,101.708,0,0,0
6toBNLied02a43Fsg70kTI,Thine dhiyirhane,Kamel Messaoudi,11,0,4,250613,0.641,-11.416,0.559,0.00016,0.124,0.914,0.0415,91.383,0,0,0
1yxUXnJgZdiS9XsUwJvAOF,Ya Noudjoum Ellil,Kamel Messaoudi,3,0,3,378720,0.42,-7.83,0.638,5.66e-06,0.274,0.886,0.0551,174.639,0,0,0
5vcKjbTY8wXe7LmWdkwoQX,Ayen ayen,Kamel Messaoudi,0,1,3,274893,0.476,-6.839,0.743,0.316,0.187,0.881,0.0427,155.969,0,0,0
4oHorrtIzLzBvdluZiA0a1,Samhini,Kamel Messaoudi,11,0,4,473120,0.431,-6.345,0.786,0.0269,0.111,0.549,0.0391,127.627,0,13,5
068e9axFZWxUb0Uny0mJoP,Kifache hilti,Kamel Messaoudi,2,1,4,369667,0.534,-7.078,0.418,6.83e-05,0.27,0.376,0.0536,99.369,0,0,0
4q2cLHIMAiqAddPUvCp5Vn,Ya Rayeh,Kamel Messaoudi,2,1,4,184826,0.656,-2.517,0.817,0.0,0.408,0.867,0.033,102.712,0,0,0
120ylV3gQCOkqJdHTSg6lL,Algérie mon beau pays,Kamel Messaoudi,2,0,4,247533,0.427,-12.627,0.282,1.32e-05,0.139,0.487,0.0431,91.385,0,0,0
42hilTGCHG6T55EMGrlPvO,Ya D'zaihier,Kamel Messaoudi,0,1,1,522026,0.373,-6.977,0.663,0.00313,0.172,0.43,0.0867,111.658,0,0,0
1ijKlOLZZipkUcXTZFnG0J,Interlude Wallen (feat. Wallen),Idir,4,0,3,16106,0.59,-7.719,0.472,0.000139,0.389,0.962,0.0451,125.098,0,0,0
07xLL2TJBGT9xTGcan6g6k,Acht T'Siyed,Kamel Messaoudi,6,1,4,331733,0.455,-15.045,0.35,0.0111,0.197,0.844,0.035,137.831,0,1,1
6KocNFg8G2hERSnlthS35p,Lahnina - Instrumental,Kamel Messaoudi,10,1,4,337653,0.434,-13.491,0.551,7.45e-06,0.167,0.859,0.0494,112.275,0,2,1
2lOZQV3TftSYIn9FLHDIUt,Samhini,Kamel Messaoudi,11,0,4,473120,0.431,-6.345,0.786,0.0269,0.111,0.549,0.0391,127.627,0,13,5
6QVohG0kIpUxCXWJJJsqC9,Sir anaker lehssane,Kamel Messaoudi,2,1,3,308098,0.464,-5.549,0.694,0.000241,0.185,0.722,0.0318,139.895,0,0,0
7eKu1iKDodHYEJgCjUbvUe,Sobhane Allah ya l'tif,Kamel Messaoudi,10,0,3,903400,0.697,-11.463,0.435,0.627,0.128,0.537,0.0467,102.604,0,0,0
4TFyw9oKhfsd5YfyZGzjgc,Gualou hasni met,Kamel Messaoudi,1,1,4,396813,0.701,-7.131,0.531,2.33e-05,0.121,0.48,0.0274,136.755,0,0,0
7EzSk6nZiABJaafZwfGf9y,يا الله,Kamel Messaoudi,2,1,3,1075466,0.54,-6.024,0.68,0.0103,0.582,0.595,0.0353,120.916,0,0,0
6nKENOC1E5VVZUdcIEZ0MY,سبحان الله هو الشجار,Kamel Messaoudi,10,0,3,903400,0.697,-11.463,0.435,0.625,0.128,0.538,0.0466,102.606,0,0,0
5ON3abmfPrMvkOMrz7F4Ad,Allah yahdiq,Kamel Messaoudi,2,1,4,584280,0.608,-7.516,0.484,1.74e-05,0.353,0.723,0.0316,105.751,0,0,0
5gTVqdee1TAhMy3zGxkRWv,Youm el khemis,Kamel Messaoudi,6,0,4,701146,0.603,-9.231,0.55,0.901,0.111,0.732,0.0304,113.029,0,0,0
5BpmE6GQBalj3ALOAXxgBY,سان خوسيه,Kamel Messaoudi,7,1,4,292492,0.707,-9.823,0.665,0.0026,0.112,0.488,0.0637,106.036,0,0,0
7oTRWxWnyQyMuKgcBK6jXZ,ايلي هيب سلاهو,Kamel Messaoudi,7,0,4,363973,0.653,-10.411,0.483,6.62e-06,0.428,0.891,0.034,101.708,0,0,0
4az7IzZwvlBfwWN34qwuvo,Denia tehoual,Kamel Messaoudi,11,1,3,233213,0.585,-5.257,0.717,0.0,0.0741,0.956,0.0388,149.955,0,0,0
6O49rk05ipzpd0DXYJh9kh,الحبيب,Kamel Messaoudi,0,0,1,208640,0.292,-0.493,0.957,0.00018,0.092,0.834,0.0566,81.594,0,0,0
2BzENsfEBtwqeNYp9hWQGd,قالب الكوتوش,Kamel Messaoudi,0,0,3,232493,0.718,-8.486,0.686,3.25e-05,0.0706,0.963,0.0415,140.324,0,0,0
2ank0KLhB2CgaImMeeQxeG,الصحراء,Kamel Messaoudi,4,0,3,427013,0.397,-6.569,0.652,0.000176,0.252,0.488,0.0317,153.281,0,0,0
67CNhtl85JFWN8FlW3NVKp,Ya le khayene,Kamel Messaoudi,8,0,3,361946,0.604,-7.508,0.648,1.18e-05,0.13,0.686,0.0364,162.023,0,0,0
5PpI1n3R2I30XshjwVVYRw,يا سيدي رسول الله,Kamel Messaoudi,6,1,4,421293,0.674,-9.136,0.589,1.86e-06,0.12,0.883,0.0339,88.003,0,0,0
6VxqJ329BgyipTRNY47Jp9,ماتجيبدوليش,Kamel Messaoudi,7,0,4,316973,0.602,-7.383,0.676,0.00397,0.111,0.831,0.0726,173.983,0,0,0
2UUM4Mj97YN9DNyIxGO75e,Kouani Ou Rah,Kamel Messaoudi,9,0,3,404466,0.458,-2.95,0.726,0.000261,0.0689,0.85,0.0376,100.361,0,0,0
79ahLX0sT8hUCmMPTdFR8t,رمضان,Kamel Messaoudi,2,0,4,216520,0.651,-5.074,0.713,3.4e-05,0.187,0.804,0.125,160.005,0,0,0
7nuwNt831Ld7n0HRlvK5xD,الزنا,Kamel Messaoudi,7,1,4,244391,0.752,-12.441,0.316,0.0,0.366,0.653,0.0376,95.921,0,0,0
2iR7SbE29VTltw2DdbOh1l,Ya Noudjoum Ellil,Kamel Messaoudi,3,0,3,378720,0.42,-7.83,0.638,5.66e-06,0.274,0.886,0.0551,174.639,0,0,0
2vcPu0a1SDJm6YeNycd3Mq,Tefkira,Kamel Messaoudi,7,1,3,626160,0.452,-9.398,0.468,5.82e-06,0.135,0.655,0.0341,137.38,0,0,0
5pNj8EgoZgxvOctX8EWb2A,Ayen ayen,Kamel Messaoudi,0,1,3,274893,0.476,-6.839,0.743,0.316,0.187,0.881,0.0427,155.969,0,0,0
0jRFvo3nK5ReoLbPcMHXex,Rahou Mqadar,Kamel Messaoudi,11,0,4,338306,0.437,-4.962,0.686,3.59e-05,0.183,0.822,0.0295,140.208,0,15,8
5cRs6qQPqqDyfEfB45tqAg,L'Amérique,Kamel Messaoudi,3,1,3,365320,0.49,-7.798,0.648,0.00019,0.21,0.72,0.0728,81.038,0,0,0
4cdnirkW89bseK0GlsLgdr,Ache Dani,Kamel Messaoudi,1,1,4,356653,0.569,-8.353,0.425,0.0352,0.105,0.462,0.0314,97.629,0,0,0
39ARN9NK4nYw1QLOHXFdam,Habit el Youm,Kamel Messaoudi,11,0,3,345386,0.373,-4.863,0.83,0.000588,0.258,0.701,0.0347,153.365,0,33,17
3qx1XTUhf97YQBL2xsw10t,Elli Heb Slahou,Kamel Messaoudi,7,0,4,363973,0.653,-10.411,0.483,6.55e-06,0.428,0.891,0.034,101.708,0,0,0
30Yt4BjbWfzSgXxwO84TM8,Algérie mon beau pays,Kamel Messaoudi,2,0,4,247533,0.427,-12.627,0.282,1.32e-05,0.139,0.487,0.0431,91.385,0,0,0
0BeTIc6tIrKu5HvyTVavx4,Ya rayeh,Kamel Messaoudi,2,1,4,184826,0.656,-2.517,0.817,0.0,0.408,0.867,0.033,102.712,0,0,0
66yswly1KS5j1AtADq365B,Kounte fi bladi,Kamel Messaoudi,0,1,1,275920,0.298,-7.129,0.567,0.0,0.162,0.352,0.0385,190.901,0,0,0
